[{"model": "contenttypes.contenttype", "fields": {"model": "permission", "app_label": "auth"}, "pk": 1}, {"model": "contenttypes.contenttype", "fields": {"model": "group", "app_label": "auth"}, "pk": 2}, {"model": "contenttypes.contenttype", "fields": {"model": "user", "app_label": "auth"}, "pk": 3}, {"model": "contenttypes.contenttype", "fields": {"model": "contenttype", "app_label": "contenttypes"}, "pk": 4}, {"model": "contenttypes.contenttype", "fields": {"model": "session", "app_label": "sessions"}, "pk": 5}, {"model": "contenttypes.contenttype", "fields": {"model": "site", "app_label": "sites"}, "pk": 6}, {"model": "contenttypes.contenttype", "fields": {"model": "userprofile", "app_label": "user"}, "pk": 7}, {"model": "contenttypes.contenttype", "fields": {"model": "follow", "app_label": "user"}, "pk": 8}, {"model": "contenttypes.contenttype", "fields": {"model": "book", "app_label": "book"}, "pk": 9}, {"model": "contenttypes.contenttype", "fields": {"model": "rating", "app_label": "book"}, "pk": 10}, {"model": "contenttypes.contenttype", "fields": {"model": "readreading", "app_label": "book"}, "pk": 11}, {"model": "contenttypes.contenttype", "fields": {"model": "favorite", "app_label": "book"}, "pk": 12}, {"model": "contenttypes.contenttype", "fields": {"model": "bybook", "app_label": "sendbybook"}, "pk": 13}, {"model": "contenttypes.contenttype", "fields": {"model": "category", "app_label": "category"}, "pk": 14}, {"model": "contenttypes.contenttype", "fields": {"model": "review", "app_label": "review"}, "pk": 15}, {"model": "contenttypes.contenttype", "fields": {"model": "likereview", "app_label": "review"}, "pk": 16}, {"model": "contenttypes.contenttype", "fields": {"model": "commentreview", "app_label": "comment"}, "pk": 17}, {"model": "contenttypes.contenttype", "fields": {"model": "likecomment", "app_label": "comment"}, "pk": 18}, {"model": "contenttypes.contenttype", "fields": {"model": "emailaddress", "app_label": "account"}, "pk": 19}, {"model": "contenttypes.contenttype", "fields": {"model": "emailconfirmation", "app_label": "account"}, "pk": 20}, {"model": "contenttypes.contenttype", "fields": {"model": "socialapp", "app_label": "socialaccount"}, "pk": 21}, {"model": "contenttypes.contenttype", "fields": {"model": "socialaccount", "app_label": "socialaccount"}, "pk": 22}, {"model": "contenttypes.contenttype", "fields": {"model": "socialtoken", "app_label": "socialaccount"}, "pk": 23}, {"model": "sessions.session", "fields": {"expire_date": "2015-11-26T08:22:51.192Z", "session_data": "Mzk2NGQwMzVlMjVlZTc2YmNlNDI5NjNlYmM0ZTE1YzAxYTlhZTg1Zjp7Il9hdXRoX3VzZXJfaGFzaCI6Ijc3ZWI3MmFlZGU4ZDdjNTZkMzY1NWFiZTE5YTFkYTVmNGM4MGFiYTkiLCJfYXV0aF91c2VyX2JhY2tlbmQiOiJkamFuZ28uY29udHJpYi5hdXRoLmJhY2tlbmRzLk1vZGVsQmFja2VuZCIsIl9hdXRoX3VzZXJfaWQiOiI1In0="}, "pk": "8kxi12zbg6tm135x2ks94c43adztx7g1"}, {"model": "sessions.session", "fields": {"expire_date": "2015-11-16T01:38:39.348Z", "session_data": "Mzk2NGQwMzVlMjVlZTc2YmNlNDI5NjNlYmM0ZTE1YzAxYTlhZTg1Zjp7Il9hdXRoX3VzZXJfaGFzaCI6Ijc3ZWI3MmFlZGU4ZDdjNTZkMzY1NWFiZTE5YTFkYTVmNGM4MGFiYTkiLCJfYXV0aF91c2VyX2JhY2tlbmQiOiJkamFuZ28uY29udHJpYi5hdXRoLmJhY2tlbmRzLk1vZGVsQmFja2VuZCIsIl9hdXRoX3VzZXJfaWQiOiI1In0="}, "pk": "en5o1deypbnr67g8ic2wlobdni9g2tr8"}, {"model": "sessions.session", "fields": {"expire_date": "2015-12-01T03:17:06.334Z", "session_data": "NzRjMGRiMDM5MDBjZDc2NTgwMzc5ODZlODE1OWUzMmY4ZTBmNTM0Zjp7Il9hdXRoX3VzZXJfaGFzaCI6ImM5ZjE3YjljNjI1OWM2YjVjMDhjMWVkZTQ1MzI4NTE0N2IzMmJkZGYiLCJfYXV0aF91c2VyX2lkIjoiMSIsIl9hdXRoX3VzZXJfYmFja2VuZCI6ImRqYW5nby5jb250cmliLmF1dGguYmFja2VuZHMuTW9kZWxCYWNrZW5kIn0="}, "pk": "ha9h1240zvjri6oev7iubin3gwrirr0u"}, {"model": "sessions.session", "fields": {"expire_date": "2015-11-04T02:05:51.597Z", "session_data": "NWYyNDMwNjM0ZGQyNTYwYzkxZjI3NTE5ZjZkZDE2YjU1NjQzYjNiNzp7Il9hdXRoX3VzZXJfaGFzaCI6ImM5ZjE3YjljNjI1OWM2YjVjMDhjMWVkZTQ1MzI4NTE0N2IzMmJkZGYiLCJfYXV0aF91c2VyX2JhY2tlbmQiOiJkamFuZ28uY29udHJpYi5hdXRoLmJhY2tlbmRzLk1vZGVsQmFja2VuZCIsIl9hdXRoX3VzZXJfaWQiOiIxIn0="}, "pk": "lud6gr6qsf9hb85k3bic1lmh31epcdqm"}, {"model": "sessions.session", "fields": {"expire_date": "2015-11-12T01:27:43.578Z", "session_data": "Yjk3YjA4Zjc0M2ZlODdkMzdiZDE0Y2YwNmJiMDRjZDI4ZWJmMTU5OTp7Il9hdXRoX3VzZXJfYmFja2VuZCI6ImRqYW5nby5jb250cmliLmF1dGguYmFja2VuZHMuTW9kZWxCYWNrZW5kIiwiX2F1dGhfdXNlcl9pZCI6IjYiLCJfYXV0aF91c2VyX2hhc2giOiI1MzVjZWFkNGVkMWJhMzI5M2JiYmU3OTYxZGE0MTlmM2FiZTdhZGZlIn0="}, "pk": "tayudv1dceyh7fz9yf3vvgbdvnvmnavp"}, {"model": "sessions.session", "fields": {"expire_date": "2015-11-12T02:53:57.204Z", "session_data": "Y2VhMTYyM2U4ODBmYWI5YzdiNGYwMmIxOGZmODc5YjEyMDI1YzM4OTp7Il9hdXRoX3VzZXJfYmFja2VuZCI6ImRqYW5nby5jb250cmliLmF1dGguYmFja2VuZHMuTW9kZWxCYWNrZW5kIiwiX2F1dGhfdXNlcl9pZCI6IjUiLCJfYXV0aF91c2VyX2hhc2giOiI3N2ViNzJhZWRlOGQ3YzU2ZDM2NTVhYmUxOWExZGE1ZjRjODBhYmE5In0="}, "pk": "tg5iyrx3kbowp2idvxje0ruo8srk2r67"}, {"model": "sessions.session", "fields": {"expire_date": "2015-11-26T02:31:07.651Z", "session_data": "ZGU4ZmUzMzJkNDZlOGQyMDcyMGYzOTQ0ODlhMjE4NWFhYmQzZTdmNjp7Il9hdXRoX3VzZXJfaWQiOiI3IiwiX2F1dGhfdXNlcl9iYWNrZW5kIjoiZGphbmdvLmNvbnRyaWIuYXV0aC5iYWNrZW5kcy5Nb2RlbEJhY2tlbmQiLCJfYXV0aF91c2VyX2hhc2giOiI1YzFkOWRmMzhkM2YwNzVhMWY2YmJiNzVlY2I5ZGJjN2JlMDYyOTA2In0="}, "pk": "vplx8zuizf941wuakdjbfy5bxf3738kj"}, {"model": "sessions.session", "fields": {"expire_date": "2015-12-01T07:31:09.982Z", "session_data": "OWQ3ZTg5NDk1MWNjN2FiMzUwN2Q4NjI3OTg2OGMyM2M1NGQ5N2UzYjp7Il9hdXRoX3VzZXJfYmFja2VuZCI6ImRqYW5nby5jb250cmliLmF1dGguYmFja2VuZHMuTW9kZWxCYWNrZW5kIiwiX2F1dGhfdXNlcl9oYXNoIjoiNTM1Y2VhZDRlZDFiYTMyOTNiYmJlNzk2MWRhNDE5ZjNhYmU3YWRmZSIsIl9hdXRoX3VzZXJfaWQiOiI2In0="}, "pk": "znd7figrdqlyssh6hn31692suulvar5x"}, {"model": "sites.site", "fields": {"name": "Vort", "domain": "127.0.0.1:8000"}, "pk": 1}, {"model": "user.follow", "fields": {"follower": 2, "date": "2015-10-29T01:30:57.800Z", "followee": 1}, "pk": 3}, {"model": "user.follow", "fields": {"follower": 1, "date": "2015-10-29T01:30:57.800Z", "followee": 3}, "pk": 4}, {"model": "user.follow", "fields": {"follower": 1, "date": "2015-10-29T01:30:57.800Z", "followee": 5}, "pk": 6}, {"model": "user.follow", "fields": {"follower": 4, "date": "2015-10-29T01:30:57.800Z", "followee": 1}, "pk": 7}, {"model": "user.follow", "fields": {"follower": 5, "date": "2015-10-29T01:30:57.800Z", "followee": 1}, "pk": 8}, {"model": "user.follow", "fields": {"follower": 1, "date": "2015-10-29T01:30:57.800Z", "followee": 2}, "pk": 10}, {"model": "book.book", "fields": {"date": "2015-10-09T17:00:00Z", "category": 1, "page": 12, "description": "sfsdfds", "publish": "sdfsdf", "title": "sdfds", "author": "sdfs", "slug": "sdfds", "price": 12.0, "cover": "books/23848559.jpg"}, "pk": 1}, {"model": "book.book", "fields": {"date": "2015-10-09T17:00:00Z", "category": 1, "page": 288, "description": "Yeonmi Park has told the harrowing story of her escape from North Korea as a child many times, but never before has she revealed the most intimate and devastating details of the repressive society she was raised in and the enormous price she paid to escape.\r\n\r\nPark\u2019s family was loving and close-knit, but life in North Korea was brutal, practically medieval. Park would regula", "publish": "Penguin Press ", "title": "In Order to Live: A North Korean Girl's Journey to Freedom", "author": "Hardcover", "slug": "in-order-to-live-a-north-korean-girl-s-journey-to-freedom", "price": 10.0, "cover": "books/24611623.jpg"}, "pk": 2}, {"model": "book.book", "fields": {"date": "2015-10-20T17:00:00Z", "category": 2, "page": 352, "description": "The beloved New York Times bestselling culinary mystery writer delivers a cookbook packed with more than 160 mouthwatering recipes and charming anecdotes about her writing and cooking life.\r\nDiane Mott Davidson is the author of seventeen bestselling mysteries featuring caterer/sleuth Goldy Schulz, a woman who \u201ctook the lemon that life had given her and made not just lemonade but Lemon Chicken, Lemon Bars, Lemon Cookies and Lemon Meringue Pie.\u201d Each Goldy novel includes recipes for scrumptious dishes from the adored character\u2019s kitchen. Now, Davidson has collected these treasured recipes and some brand-new dishes in one volume for the first time.", "publish": "William Morrow Cookbooks ", "title": "Goldy's Kitchen Cookbook: Cooking, Writing, Family, Life", "author": "Hardcover", "slug": "goldy-s-kitchen-cookbook-cooking-writing-family-life", "price": 15.0, "cover": "books/25171892.jpg"}, "pk": 3}, {"model": "book.book", "fields": {"date": "2015-10-20T17:00:00Z", "category": 4, "page": 184, "description": "When Ukyo rescues a stray dog and names it Kuro, he soon learns that he may have found a rare breed--his new dog can talk and magically transform into a hunky human! With his dog now taking the form of a hot man and licking him in various places, what is Ukyo to do?!", "publish": "BLU", "title": "Man's Best Friend: Inu Mo Arukeba ", "author": "Paperback", "slug": "man-s-best-friend-inu-mo-arukeba", "price": 5.0, "cover": "books/50448.jpg"}, "pk": 4}, {"model": "book.rating", "fields": {"user_profile": 1, "rate": 5, "book": 2}, "pk": 1}, {"model": "book.rating", "fields": {"user_profile": 2, "rate": 4, "book": 2}, "pk": 2}, {"model": "book.rating", "fields": {"user_profile": 1, "rate": 5, "book": 4}, "pk": 3}, {"model": "book.rating", "fields": {"user_profile": 1, "rate": 5, "book": 3}, "pk": 4}, {"model": "book.rating", "fields": {"user_profile": 2, "rate": 5, "book": 4}, "pk": 5}, {"model": "book.rating", "fields": {"user_profile": 2, "rate": 5, "book": 1}, "pk": 6}, {"model": "book.readreading", "fields": {"user_profile": 1, "date": "2015-10-23T02:20:34.276Z", "book": 3, "status": 2}, "pk": 1}, {"model": "book.readreading", "fields": {"user_profile": 1, "date": "2015-10-23T04:14:45.941Z", "book": 2, "status": 2}, "pk": 2}, {"model": "book.readreading", "fields": {"user_profile": 1, "date": "2015-10-26T11:44:44.040Z", "book": 4, "status": 1}, "pk": 3}, {"model": "book.favorite", "fields": {"user_profile": 1, "date": "2015-10-23T02:45:23.873Z", "book": 2}, "pk": 1}, {"model": "book.favorite", "fields": {"user_profile": 1, "date": "2015-10-23T03:18:28.712Z", "book": 4}, "pk": 2}, {"model": "sendbybook.bybook", "fields": {"user_profile": 1, "name": "Tri tue nhan tao", "page": 100, "publish": "Nha xuat ban Bach Khoa", "date": "1999-12-11T17:00:00Z", "status": 1, "author": "Nguyen Xuan Loi"}, "pk": 3}, {"model": "sendbybook.bybook", "fields": {"user_profile": 2, "name": "Cau truc du lieu va giai thuat", "page": 100, "publish": "Nha xuat ban Bach Khoa", "date": "1999-12-11T17:00:00Z", "status": 2, "author": "Nguyen Xuan Loi"}, "pk": 4}, {"model": "sendbybook.bybook", "fields": {"user_profile": 2, "name": "Toan roi rac", "page": 100, "publish": "Nha xuat ban Bach Khoa", "date": "1999-12-11T17:00:00Z", "status": 2, "author": "Nguyen Xuan Loi"}, "pk": 5}, {"model": "sendbybook.bybook", "fields": {"user_profile": 1, "name": "Toan cao cap 1", "page": 100, "publish": "Nha xuat ban Bach Khoa", "date": "1999-12-11T17:00:00Z", "status": 1, "author": "Nguyen Xuan Loi"}, "pk": 6}, {"model": "sendbybook.bybook", "fields": {"user_profile": 1, "name": "Toan cao cap 2", "page": 100, "publish": "Nha xuat ban Bach Khoa", "date": "1999-12-11T17:00:00Z", "status": 0, "author": "Nguyen Xuan Loi"}, "pk": 7}, {"model": "category.category", "fields": {"name": "Biography", "slug": "biography"}, "pk": 1}, {"model": "category.category", "fields": {"name": "CookBooks", "slug": "cookbooks"}, "pk": 2}, {"model": "category.category", "fields": {"name": "Graphic Novels", "slug": "graphic-novels"}, "pk": 3}, {"model": "category.category", "fields": {"name": "Manga", "slug": "manga"}, "pk": 4}, {"model": "category.category", "fields": {"name": "Music", "slug": "music"}, "pk": 5}, {"model": "category.category", "fields": {"name": "Ebooks", "slug": "ebooks"}, "pk": 6}, {"model": "review.review", "fields": {"user_profile": 1, "date": "2015-10-23T06:19:13.372Z", "content": "dddddddd", "book": 2}, "pk": 1}, {"model": "review.review", "fields": {"user_profile": 2, "date": "2015-10-23T06:58:07.839Z", "content": "asdasdad asdasd asdasdad asdasd asdasdad asdasd asdasdad asdasd asdasdad asdasd asdasdad asdasd asdasdad asdasd asdasdad asdasd asdasdad asdasd asdasdad asdasd ", "book": 2}, "pk": 2}, {"model": "review.review", "fields": {"user_profile": 1, "date": "2015-10-28T04:40:42.577Z", "content": "new review\r\n", "book": 3}, "pk": 4}, {"model": "review.review", "fields": {"user_profile": 1, "date": "2015-10-28T04:42:16.425Z", "content": "new", "book": 4}, "pk": 5}, {"model": "review.review", "fields": {"user_profile": 2, "date": "2015-11-18T08:25:25.964Z", "content": ",sdnf,jsadnlkasf\r\n", "book": 1}, "pk": 9}, {"model": "review.likereview", "fields": {"user_profile": 1, "date": "2015-10-26T03:26:15.355Z", "review": 2}, "pk": 2}, {"model": "review.likereview", "fields": {"user_profile": 1, "date": "2015-10-26T03:50:06.345Z", "review": 1}, "pk": 4}, {"model": "review.likereview", "fields": {"user_profile": 1, "date": "2015-10-28T04:40:44.406Z", "review": 4}, "pk": 5}, {"model": "review.likereview", "fields": {"user_profile": 1, "date": "2015-10-28T04:42:18.667Z", "review": 5}, "pk": 6}, {"model": "review.likereview", "fields": {"user_profile": 2, "date": "2015-11-18T02:46:59.104Z", "review": 1}, "pk": 21}, {"model": "review.likereview", "fields": {"user_profile": 2, "date": "2015-11-18T08:32:55.819Z", "review": 9}, "pk": 26}, {"model": "comment.commentreview", "fields": {"user_profile": 1, "date": "2015-10-26T02:07:13.235Z", "content": "last comment", "review": 1}, "pk": 1}, {"model": "comment.commentreview", "fields": {"user_profile": 1, "date": "2015-10-26T02:13:17.118Z", "content": "comment mot thu gi do", "review": 2}, "pk": 2}, {"model": "comment.commentreview", "fields": {"user_profile": 1, "date": "2015-10-26T03:36:02.185Z", "content": "first comment", "review": 1}, "pk": 3}, {"model": "comment.commentreview", "fields": {"user_profile": 1, "date": "2015-10-26T03:36:19.467Z", "content": "com th\u1ee9 2 ", "review": 2}, "pk": 4}, {"model": "comment.commentreview", "fields": {"user_profile": 2, "date": "2015-11-18T05:49:35.577Z", "content": "a", "review": 1}, "pk": 21}, {"model": "comment.commentreview", "fields": {"user_profile": 2, "date": "2015-11-18T05:53:44.824Z", "content": "a", "review": 1}, "pk": 28}, {"model": "comment.commentreview", "fields": {"user_profile": 2, "date": "2015-11-18T05:58:09.802Z", "content": ";g;dkg;lksd;glksdf;g", "review": 1}, "pk": 30}, {"model": "comment.commentreview", "fields": {"user_profile": 2, "date": "2015-11-18T06:18:12.991Z", "content": "asfafdafasfasfsfsfsaf", "review": 1}, "pk": 37}, {"model": "comment.commentreview", "fields": {"user_profile": 2, "date": "2015-11-18T06:23:15.077Z", "content": "sdfsdfasf", "review": 4}, "pk": 47}, {"model": "comment.commentreview", "fields": {"user_profile": 2, "date": "2015-11-18T06:37:04.581Z", "content": "adfasfasf", "review": 4}, "pk": 54}, {"model": "comment.commentreview", "fields": {"user_profile": 2, "date": "2015-11-18T06:50:13.383Z", "content": "sdfasfsaf", "review": 4}, "pk": 60}, {"model": "comment.commentreview", "fields": {"user_profile": 2, "date": "2015-11-18T07:03:17.427Z", "content": "asfgsajfaaf", "review": 4}, "pk": 62}, {"model": "comment.commentreview", "fields": {"user_profile": 2, "date": "2015-11-18T07:04:14.987Z", "content": "asdfasfafdaf", "review": 4}, "pk": 63}, {"model": "comment.commentreview", "fields": {"user_profile": 2, "date": "2015-11-18T07:08:20.886Z", "content": "sdfasfaskfasfafasdfasdfa", "review": 4}, "pk": 66}, {"model": "comment.commentreview", "fields": {"user_profile": 2, "date": "2015-11-18T07:09:16.220Z", "content": "asdfasfasfaf", "review": 4}, "pk": 67}, {"model": "comment.commentreview", "fields": {"user_profile": 2, "date": "2015-11-18T07:11:57.076Z", "content": "asdfafaf", "review": 4}, "pk": 68}, {"model": "comment.commentreview", "fields": {"user_profile": 2, "date": "2015-11-18T07:14:18.121Z", "content": "afdfafadff", "review": 4}, "pk": 69}, {"model": "comment.commentreview", "fields": {"user_profile": 2, "date": "2015-11-18T07:15:52.440Z", "content": "adfafaf", "review": 4}, "pk": 70}, {"model": "comment.commentreview", "fields": {"user_profile": 2, "date": "2015-11-18T07:16:26.345Z", "content": "sdfsafasdf", "review": 4}, "pk": 71}, {"model": "comment.commentreview", "fields": {"user_profile": 2, "date": "2015-11-18T07:21:41.315Z", "content": "trang", "review": 5}, "pk": 76}, {"model": "comment.commentreview", "fields": {"user_profile": 2, "date": "2015-11-18T07:41:56.176Z", "content": "afasfafaf", "review": 5}, "pk": 78}, {"model": "comment.commentreview", "fields": {"user_profile": 2, "date": "2015-11-18T07:45:24.242Z", "content": "asdfasdf", "review": 5}, "pk": 80}, {"model": "comment.commentreview", "fields": {"user_profile": 2, "date": "2015-11-18T07:48:14.128Z", "content": "212121212", "review": 5}, "pk": 82}, {"model": "comment.commentreview", "fields": {"user_profile": 2, "date": "2015-11-18T07:48:42.746Z", "content": "QWE", "review": 5}, "pk": 83}, {"model": "comment.commentreview", "fields": {"user_profile": 2, "date": "2015-11-18T07:49:25.932Z", "content": "SAFSDF", "review": 5}, "pk": 84}, {"model": "comment.commentreview", "fields": {"user_profile": 2, "date": "2015-11-18T07:50:30.788Z", "content": "COM 1", "review": 5}, "pk": 85}, {"model": "comment.commentreview", "fields": {"user_profile": 2, "date": "2015-11-18T07:53:02.387Z", "content": "12312312313123", "review": 5}, "pk": 86}, {"model": "comment.commentreview", "fields": {"user_profile": 2, "date": "2015-11-18T07:53:35.176Z", "content": "adfafafa", "review": 5}, "pk": 87}, {"model": "comment.commentreview", "fields": {"user_profile": 2, "date": "2015-11-18T08:22:19.894Z", "content": "lasdlasda", "review": 5}, "pk": 94}, {"model": "comment.commentreview", "fields": {"user_profile": 2, "date": "2015-11-18T09:22:22.400Z", "content": "new comment", "review": 9}, "pk": 103}, {"model": "comment.commentreview", "fields": {"user_profile": 2, "date": "2015-11-18T09:24:08.612Z", "content": "dfafasaf", "review": 9}, "pk": 104}, {"model": "comment.commentreview", "fields": {"user_profile": 2, "date": "2015-11-18T10:10:52.712Z", "content": "1", "review": 1}, "pk": 111}, {"model": "comment.commentreview", "fields": {"user_profile": 2, "date": "2015-11-18T10:10:59.040Z", "content": "4", "review": 2}, "pk": 114}, {"model": "comment.commentreview", "fields": {"user_profile": 2, "date": "2015-11-18T10:11:02.663Z", "content": "6", "review": 2}, "pk": 116}, {"model": "comment.commentreview", "fields": {"user_profile": 2, "date": "2015-11-18T10:18:54.642Z", "content": "7", "review": 1}, "pk": 117}, {"model": "comment.commentreview", "fields": {"user_profile": 2, "date": "2015-11-18T10:19:58.208Z", "content": "8", "review": 2}, "pk": 119}, {"model": "comment.commentreview", "fields": {"user_profile": 2, "date": "2015-11-18T10:20:04.083Z", "content": "10", "review": 2}, "pk": 121}, {"model": "comment.commentreview", "fields": {"user_profile": 2, "date": "2015-11-18T10:21:20.489Z", "content": "sadfsafasf", "review": 1}, "pk": 122}, {"model": "comment.likecomment", "fields": {"user_profile": 2, "date": "2015-11-18T09:25:38.227Z", "comment": 104}, "pk": 30}, {"model": "comment.likecomment", "fields": {"user_profile": 2, "date": "2015-11-18T09:46:36.211Z", "comment": 76}, "pk": 38}, {"model": "comment.likecomment", "fields": {"user_profile": 2, "date": "2015-11-18T10:10:13.644Z", "comment": 37}, "pk": 40}, {"model": "comment.likecomment", "fields": {"user_profile": 2, "date": "2015-11-18T10:10:14.658Z", "comment": 30}, "pk": 41}, {"model": "comment.likecomment", "fields": {"user_profile": 2, "date": "2015-11-18T10:10:15.415Z", "comment": 28}, "pk": 42}, {"model": "comment.likecomment", "fields": {"user_profile": 2, "date": "2015-11-18T10:10:16.124Z", "comment": 21}, "pk": 43}, {"model": "auth.permission", "fields": {"name": "Can add permission", "content_type": 1, "codename": "add_permission"}, "pk": 1}, {"model": "auth.permission", "fields": {"name": "Can change permission", "content_type": 1, "codename": "change_permission"}, "pk": 2}, {"model": "auth.permission", "fields": {"name": "Can delete permission", "content_type": 1, "codename": "delete_permission"}, "pk": 3}, {"model": "auth.permission", "fields": {"name": "Can add group", "content_type": 2, "codename": "add_group"}, "pk": 4}, {"model": "auth.permission", "fields": {"name": "Can change group", "content_type": 2, "codename": "change_group"}, "pk": 5}, {"model": "auth.permission", "fields": {"name": "Can delete group", "content_type": 2, "codename": "delete_group"}, "pk": 6}, {"model": "auth.permission", "fields": {"name": "Can add user", "content_type": 3, "codename": "add_user"}, "pk": 7}, {"model": "auth.permission", "fields": {"name": "Can change user", "content_type": 3, "codename": "change_user"}, "pk": 8}, {"model": "auth.permission", "fields": {"name": "Can delete user", "content_type": 3, "codename": "delete_user"}, "pk": 9}, {"model": "auth.permission", "fields": {"name": "Can add content type", "content_type": 4, "codename": "add_contenttype"}, "pk": 10}, {"model": "auth.permission", "fields": {"name": "Can change content type", "content_type": 4, "codename": "change_contenttype"}, "pk": 11}, {"model": "auth.permission", "fields": {"name": "Can delete content type", "content_type": 4, "codename": "delete_contenttype"}, "pk": 12}, {"model": "auth.permission", "fields": {"name": "Can add session", "content_type": 5, "codename": "add_session"}, "pk": 13}, {"model": "auth.permission", "fields": {"name": "Can change session", "content_type": 5, "codename": "change_session"}, "pk": 14}, {"model": "auth.permission", "fields": {"name": "Can delete session", "content_type": 5, "codename": "delete_session"}, "pk": 15}, {"model": "auth.permission", "fields": {"name": "Can add site", "content_type": 6, "codename": "add_site"}, "pk": 16}, {"model": "auth.permission", "fields": {"name": "Can change site", "content_type": 6, "codename": "change_site"}, "pk": 17}, {"model": "auth.permission", "fields": {"name": "Can delete site", "content_type": 6, "codename": "delete_site"}, "pk": 18}, {"model": "auth.permission", "fields": {"name": "Can add user profile", "content_type": 7, "codename": "add_userprofile"}, "pk": 19}, {"model": "auth.permission", "fields": {"name": "Can change user profile", "content_type": 7, "codename": "change_userprofile"}, "pk": 20}, {"model": "auth.permission", "fields": {"name": "Can delete user profile", "content_type": 7, "codename": "delete_userprofile"}, "pk": 21}, {"model": "auth.permission", "fields": {"name": "Can add follow", "content_type": 8, "codename": "add_follow"}, "pk": 22}, {"model": "auth.permission", "fields": {"name": "Can change follow", "content_type": 8, "codename": "change_follow"}, "pk": 23}, {"model": "auth.permission", "fields": {"name": "Can delete follow", "content_type": 8, "codename": "delete_follow"}, "pk": 24}, {"model": "auth.permission", "fields": {"name": "Can add book", "content_type": 9, "codename": "add_book"}, "pk": 25}, {"model": "auth.permission", "fields": {"name": "Can change book", "content_type": 9, "codename": "change_book"}, "pk": 26}, {"model": "auth.permission", "fields": {"name": "Can delete book", "content_type": 9, "codename": "delete_book"}, "pk": 27}, {"model": "auth.permission", "fields": {"name": "Can add rating", "content_type": 10, "codename": "add_rating"}, "pk": 28}, {"model": "auth.permission", "fields": {"name": "Can change rating", "content_type": 10, "codename": "change_rating"}, "pk": 29}, {"model": "auth.permission", "fields": {"name": "Can delete rating", "content_type": 10, "codename": "delete_rating"}, "pk": 30}, {"model": "auth.permission", "fields": {"name": "Can add read reading", "content_type": 11, "codename": "add_readreading"}, "pk": 31}, {"model": "auth.permission", "fields": {"name": "Can change read reading", "content_type": 11, "codename": "change_readreading"}, "pk": 32}, {"model": "auth.permission", "fields": {"name": "Can delete read reading", "content_type": 11, "codename": "delete_readreading"}, "pk": 33}, {"model": "auth.permission", "fields": {"name": "Can add favorite", "content_type": 12, "codename": "add_favorite"}, "pk": 34}, {"model": "auth.permission", "fields": {"name": "Can change favorite", "content_type": 12, "codename": "change_favorite"}, "pk": 35}, {"model": "auth.permission", "fields": {"name": "Can delete favorite", "content_type": 12, "codename": "delete_favorite"}, "pk": 36}, {"model": "auth.permission", "fields": {"name": "Can add by book", "content_type": 13, "codename": "add_bybook"}, "pk": 37}, {"model": "auth.permission", "fields": {"name": "Can change by book", "content_type": 13, "codename": "change_bybook"}, "pk": 38}, {"model": "auth.permission", "fields": {"name": "Can delete by book", "content_type": 13, "codename": "delete_bybook"}, "pk": 39}, {"model": "auth.permission", "fields": {"name": "Can add category", "content_type": 14, "codename": "add_category"}, "pk": 40}, {"model": "auth.permission", "fields": {"name": "Can change category", "content_type": 14, "codename": "change_category"}, "pk": 41}, {"model": "auth.permission", "fields": {"name": "Can delete category", "content_type": 14, "codename": "delete_category"}, "pk": 42}, {"model": "auth.permission", "fields": {"name": "Can add review", "content_type": 15, "codename": "add_review"}, "pk": 43}, {"model": "auth.permission", "fields": {"name": "Can change review", "content_type": 15, "codename": "change_review"}, "pk": 44}, {"model": "auth.permission", "fields": {"name": "Can delete review", "content_type": 15, "codename": "delete_review"}, "pk": 45}, {"model": "auth.permission", "fields": {"name": "Can add like review", "content_type": 16, "codename": "add_likereview"}, "pk": 46}, {"model": "auth.permission", "fields": {"name": "Can change like review", "content_type": 16, "codename": "change_likereview"}, "pk": 47}, {"model": "auth.permission", "fields": {"name": "Can delete like review", "content_type": 16, "codename": "delete_likereview"}, "pk": 48}, {"model": "auth.permission", "fields": {"name": "Can add comment review", "content_type": 17, "codename": "add_commentreview"}, "pk": 49}, {"model": "auth.permission", "fields": {"name": "Can change comment review", "content_type": 17, "codename": "change_commentreview"}, "pk": 50}, {"model": "auth.permission", "fields": {"name": "Can delete comment review", "content_type": 17, "codename": "delete_commentreview"}, "pk": 51}, {"model": "auth.permission", "fields": {"name": "Can add like comment", "content_type": 18, "codename": "add_likecomment"}, "pk": 52}, {"model": "auth.permission", "fields": {"name": "Can change like comment", "content_type": 18, "codename": "change_likecomment"}, "pk": 53}, {"model": "auth.permission", "fields": {"name": "Can delete like comment", "content_type": 18, "codename": "delete_likecomment"}, "pk": 54}, {"model": "auth.permission", "fields": {"name": "Can add email address", "content_type": 19, "codename": "add_emailaddress"}, "pk": 55}, {"model": "auth.permission", "fields": {"name": "Can change email address", "content_type": 19, "codename": "change_emailaddress"}, "pk": 56}, {"model": "auth.permission", "fields": {"name": "Can delete email address", "content_type": 19, "codename": "delete_emailaddress"}, "pk": 57}, {"model": "auth.permission", "fields": {"name": "Can add email confirmation", "content_type": 20, "codename": "add_emailconfirmation"}, "pk": 58}, {"model": "auth.permission", "fields": {"name": "Can change email confirmation", "content_type": 20, "codename": "change_emailconfirmation"}, "pk": 59}, {"model": "auth.permission", "fields": {"name": "Can delete email confirmation", "content_type": 20, "codename": "delete_emailconfirmation"}, "pk": 60}, {"model": "auth.permission", "fields": {"name": "Can add social application", "content_type": 21, "codename": "add_socialapp"}, "pk": 61}, {"model": "auth.permission", "fields": {"name": "Can change social application", "content_type": 21, "codename": "change_socialapp"}, "pk": 62}, {"model": "auth.permission", "fields": {"name": "Can delete social application", "content_type": 21, "codename": "delete_socialapp"}, "pk": 63}, {"model": "auth.permission", "fields": {"name": "Can add social account", "content_type": 22, "codename": "add_socialaccount"}, "pk": 64}, {"model": "auth.permission", "fields": {"name": "Can change social account", "content_type": 22, "codename": "change_socialaccount"}, "pk": 65}, {"model": "auth.permission", "fields": {"name": "Can delete social account", "content_type": 22, "codename": "delete_socialaccount"}, "pk": 66}, {"model": "auth.permission", "fields": {"name": "Can add social application token", "content_type": 23, "codename": "add_socialtoken"}, "pk": 67}, {"model": "auth.permission", "fields": {"name": "Can change social application token", "content_type": 23, "codename": "change_socialtoken"}, "pk": 68}, {"model": "auth.permission", "fields": {"name": "Can delete social application token", "content_type": 23, "codename": "delete_socialtoken"}, "pk": 69}, {"model": "auth.user", "fields": {"email": "nguyenhuyquyet90@gmail.com", "first_name": "Nguy\u1ec5n", "groups": [], "username": "admin", "password": "pbkdf2_sha256$20000$jMrE6ZPEgguv$l00oyA4MxeG7uIcEjoYLeauncrf0adv1NOW1fqZwHIw=", "date_joined": "2015-10-21T02:03:31.997Z", "last_login": "2015-11-17T03:17:06.224Z", "is_superuser": true, "is_active": true, "last_name": "Huy Quy\u1ebft", "user_permissions": [], "is_staff": true}, "pk": 1}, {"model": "auth.user", "fields": {"email": "tranngyb@gmail.com", "first_name": "Nguy\u1ec5n", "groups": [], "username": "thu", "password": "pbkdf2_sha256$20000$C5tpObTBd5yx$B97h15dYYu8yj6x1YseNzRhrFG7el66gSJ5WDZuRNxg=", "date_joined": "2015-10-22T09:35:28.412Z", "last_login": "2015-11-12T08:22:51.099Z", "is_superuser": false, "is_active": true, "last_name": "Th\u1ecb Thu Trang", "user_permissions": [], "is_staff": false}, "pk": 5}, {"model": "auth.user", "fields": {"email": "nguyen.huy.quyet@framgia.com", "first_name": "Nguy\u1ec5n", "groups": [], "username": "quyet", "password": "pbkdf2_sha256$20000$pVeuTqY8BnMp$znrixyPg+QIdaw1pXJHeWzQbCHmFVrHMJ9J75itxslc=", "date_joined": "2015-10-22T10:22:50.187Z", "last_login": "2015-11-17T07:31:09.939Z", "is_superuser": false, "is_active": true, "last_name": "Huy Quy\u1ebft", "user_permissions": [], "is_staff": false}, "pk": 6}, {"model": "auth.user", "fields": {"email": "tranngyb_232@gmail.com", "first_name": "Nguy\u1ec5n", "groups": [], "username": "trang", "password": "pbkdf2_sha256$20000$O6g1GdpCzxqp$Y+uu3JQxUdZQIF5MVe6WYPzqY3RC4fyuxRk/snZypx0=", "date_joined": "2015-10-27T07:22:04.190Z", "last_login": "2015-11-12T02:31:07.500Z", "is_superuser": false, "is_active": true, "last_name": "Th\u1ecb Thu Trang1", "user_permissions": [], "is_staff": false}, "pk": 7}, {"model": "auth.user", "fields": {"email": "toiyeuem_maimai_yeunhieu@yahoo.com.vn", "first_name": "user01", "groups": [], "username": "123", "password": "pbkdf2_sha256$20000$RLKf4CFbl5XD$LkatViq0uNB/lHrVcUjMjZFoZXphzI4pUO6SzD8prtg=", "date_joined": "2015-10-27T07:48:27.527Z", "last_login": "2015-10-27T07:50:50.369Z", "is_superuser": false, "is_active": true, "last_name": "user01", "user_permissions": [], "is_staff": false}, "pk": 8}, {"model": "auth.user", "fields": {"email": "tranngyb@gmail.com", "first_name": "user02", "groups": [], "username": "user2", "password": "pbkdf2_sha256$20000$MT7ubSfnTd62$zlZ5ncI06aH+mFivnGY2jQP/Y05PMi1TlVpKA67BoBM=", "date_joined": "2015-10-27T07:49:35.517Z", "last_login": "2015-10-27T07:51:12.941Z", "is_superuser": false, "is_active": true, "last_name": "user02", "user_permissions": [], "is_staff": false}, "pk": 9}, {"model": "user.userprofile", "fields": {"user": 5, "avata": "avata/default.jpg"}, "pk": 1}, {"model": "user.userprofile", "fields": {"user": 6, "avata": "avata/default.jpg"}, "pk": 2}, {"model": "user.userprofile", "fields": {"user": 7, "avata": "avata/default.jpg"}, "pk": 3}, {"model": "user.userprofile", "fields": {"user": 8, "avata": "avata/default.jpg"}, "pk": 4}, {"model": "user.userprofile", "fields": {"user": 9, "avata": "avata/default.jpg"}, "pk": 5}]